<?xml version="1.0" encoding="UTF-8"?>
<project-private xmlns="http://www.netbeans.org/ns/project-private/1">
    <editor-bookmarks xmlns="http://www.netbeans.org/ns/editor-bookmarks/2" lastBookmarkId="0"/>
    <open-files xmlns="http://www.netbeans.org/ns/projectui-open-files/2">
        <group>
            <file>file:/C:/Users/admin/Desktop/PACMAN/PACMAN/src/Interface_Grafica/Tela.java</file>
            <file>file:/C:/Users/admin/Desktop/PACMAN/PACMAN/src/Elementos_Sistema/ElementosTela.java</file>
            <file>file:/C:/Users/admin/Desktop/PACMAN/PACMAN/src/Elementos_Sistema/Fantasmas.java</file>
            <file>file:/C:/Users/admin/Desktop/PACMAN/PACMAN/src/Engine/Main.java</file>
            <file>file:/C:/Users/admin/Desktop/PACMAN/PACMAN/src/Elementos_Sistema/Pacman.java</file>
        </group>
    </open-files>
</project-private>
